{"lastDeploymentHandler":"handler.listRemoteSitesHandler","lastInvokeHandler":null,"handlerMetadata":{"handler.RegisterRemoteSiteHandler":{"deployment":{"regionId":"us-east-1","awsLambdaFunctionName":"registerTP","awsIamRoleName":"programmer","awsS3BucketName":"empiricistbucket2","memory":0,"timeout":0},"invoke":null},"handler.listRemoteSitesHandler":{"deployment":{"regionId":"us-east-1","awsLambdaFunctionName":"listRemoteSites","awsIamRoleName":"programmer","awsS3BucketName":"empiricistbucket2","memory":0,"timeout":0},"invoke":null}},"lastInvokedHandlerDeployed":false}